"driver_id","age","rating","year_experience","vehicle_condition","type_of_vehicle"
1001,49,3.9,3,Good,Bike
1002,30,3.9,1,Poor,Scooter
1003,48,3.7,5,Poor,Scooter
1004,29,3.5,4,Excellent,eBike
1005,25,4.9,3,Poor,Bike
1006,28,3.8,0,Poor,eBike
1007,31,5.0,1,Poor,Bike
1008,60,3.1,2,Excellent,eSchooter
1009,24,4.9,5,Fair,eSchooter
1010,34,4.5,2,Poor,Car
1011,49,4.0,1,Excellent,Bike
1012,38,4.3,5,Poor,Scooter
1013,56,3.4,1,Excellent,Bike
1014,35,4.6,4,Good,Bike
1015,30,3.3,4,Good,Bike
1016,27,3.0,1,Good,Scooter
1017,22,3.4,0,Good,eSchooter
1018,51,4.1,1,Fair,Bike
1019,23,4.1,3,Fair,Bike
1020,35,3.1,4,Excellent,Car
1021,23,5.0,2,Excellent,Car
1022,60,4.3,5,Excellent,eSchooter
1023,22,3.6,2,Excellent,eSchooter
1024,43,3.8,2,Fair,Scooter
1025,48,3.5,0,Excellent,eBike
1026,28,3.9,1,Good,eBike
1027,19,3.0,2,Fair,Bike
1028,42,3.1,4,Fair,Car
1029,46,3.8,0,Fair,Car
1030,26,4.0,5,Poor,Scooter
1031,47,4.4,2,Poor,eBike
1032,46,3.1,4,Poor,Car
1033,27,3.0,4,Poor,Car
1034,60,3.2,5,Good,Scooter
1035,47,3.7,0,Fair,eBike
1036,50,3.5,4,Excellent,eBike
1037,18,3.2,3,Excellent,eSchooter
1038,37,3.7,5,Fair,eBike
1039,42,4.7,4,Good,eBike
1040,19,3.3,1,Good,Motorcycle
1041,48,4.5,2,Poor,Scooter
1042,35,4.7,0,Fair,eSchooter
1043,26,3.6,5,Good,Car
1044,47,3.4,1,Poor,Car
1045,51,4.6,3,Poor,Bike
1046,38,4.2,4,Fair,Motorcycle
1047,52,3.2,4,Poor,Scooter
1048,24,4.5,0,Poor,Motorcycle
1049,21,4.3,5,Excellent,eSchooter
1050,38,3.9,5,Poor,Bike
1051,48,4.7,4,Good,Bike
1052,48,4.2,2,Fair,Motorcycle
1053,43,4.8,5,Poor,Car
1054,23,3.7,2,Excellent,eSchooter
1055,28,3.3,2,Excellent,Bike
1056,51,3.9,3,Poor,Scooter
1057,18,3.7,3,Good,Motorcycle
1058,42,3.0,0,Good,Scooter
1059,44,4.1,2,Fair,Car
1060,35,3.1,5,Good,Car
1061,21,3.3,1,Excellent,Scooter
1062,37,4.2,0,Poor,Car
1063,32,4.8,4,Good,eSchooter
1064,18,4.7,4,Excellent,eBike
1065,47,4.6,0,Poor,eSchooter
1066,29,4.2,1,Good,eBike
1067,38,4.9,4,Poor,eSchooter
1068,20,4.0,2,Poor,eBike
1069,59,3.3,5,Fair,Motorcycle
1070,27,3.5,2,Poor,Car
1071,18,4.6,2,Excellent,eBike
1072,19,4.9,2,Good,Scooter
1073,52,4.2,4,Good,eSchooter
1074,58,4.0,0,Poor,eBike
1075,43,4.1,3,Excellent,eSchooter
1076,21,3.6,4,Excellent,Motorcycle
1077,58,3.1,2,Fair,eSchooter
1078,27,5.0,1,Fair,Scooter
1079,35,3.6,4,Good,Bike
1080,53,3.3,1,Excellent,Scooter
1081,36,3.4,4,Fair,eBike
1082,44,4.3,2,Good,Scooter
1083,58,4.0,1,Good,Motorcycle
1084,26,4.0,0,Fair,Bike
1085,34,4.2,3,Poor,Motorcycle
1086,38,4.2,1,Poor,Car
1087,49,4.9,2,Excellent,Bike
1088,55,3.6,1,Excellent,Bike
1089,41,4.9,4,Fair,eBike
1090,57,4.9,4,Fair,Scooter
1091,33,4.2,1,Poor,eSchooter
1092,30,3.1,4,Excellent,Bike
1093,54,4.8,1,Good,eBike
1094,42,4.5,3,Poor,Scooter
1095,40,4.7,1,Excellent,Scooter
1096,21,4.9,1,Fair,eBike
1097,37,4.9,4,Poor,Motorcycle
1098,27,3.6,0,Poor,eBike
1099,32,3.9,5,Poor,Car
1100,44,3.2,2,Fair,Scooter
1101,57,4.4,1,Fair,Bike
1102,23,4.3,0,Fair,Car
1103,25,4.6,0,Good,Motorcycle
1104,48,4.2,0,Excellent,eSchooter
1105,51,4.5,4,Poor,Bike
1106,43,3.4,2,Poor,Scooter
1107,53,4.8,3,Excellent,eSchooter
1108,20,4.0,4,Fair,Motorcycle
1109,38,4.9,0,Excellent,Motorcycle
1110,58,4.9,1,Poor,Bike
1111,20,3.5,3,Poor,Scooter
1112,57,3.0,2,Good,eBike
1113,32,4.4,4,Good,Bike
1114,58,4.0,3,Fair,Bike
1115,32,4.4,2,Excellent,Motorcycle
1116,41,3.3,2,Poor,Motorcycle
1117,51,3.3,1,Fair,eSchooter
1118,53,3.7,1,Excellent,Bike
1119,56,3.5,0,Fair,Car
1120,55,4.9,0,Poor,Scooter
1121,53,3.6,2,Excellent,eBike
1122,53,4.0,2,Fair,eBike
1123,41,4.0,0,Poor,Bike
1124,60,3.2,5,Fair,Motorcycle
1125,40,4.8,0,Good,Bike
1126,41,3.4,5,Good,eSchooter
1127,60,3.3,4,Excellent,Scooter
1128,39,4.7,3,Excellent,Motorcycle
1129,45,3.6,0,Excellent,Motorcycle
1130,42,3.5,0,Poor,Motorcycle
1131,26,4.2,4,Poor,Car
1132,38,4.1,4,Good,Bike
1133,28,3.2,3,Excellent,Car
1134,28,4.5,3,Excellent,Motorcycle
1135,36,3.3,1,Excellent,eSchooter
1136,41,3.4,2,Excellent,Scooter
1137,58,3.6,2,Good,eSchooter
1138,33,4.0,3,Poor,Scooter
1139,55,4.3,4,Good,eSchooter
1140,57,3.1,5,Good,eSchooter
1141,48,4.0,3,Poor,Motorcycle
1142,22,4.4,4,Poor,Scooter
1143,41,3.2,2,Fair,eBike
1144,46,4.8,0,Excellent,Bike
1145,40,3.7,0,Good,Scooter
1146,36,4.5,1,Good,eSchooter
1147,30,4.8,5,Poor,eBike
1148,33,3.3,0,Fair,Car
1149,49,4.9,0,Excellent,eSchooter
1150,37,4.1,5,Good,eBike
1151,51,3.2,1,Poor,eSchooter
1152,24,3.9,1,Excellent,Scooter
1153,56,3.6,1,Poor,Car
1154,51,4.1,0,Excellent,eBike
1155,40,3.3,2,Fair,Car
1156,28,3.5,3,Poor,Scooter
1157,40,4.8,5,Fair,Bike
1158,29,3.7,2,Excellent,eSchooter
1159,29,4.7,2,Good,Motorcycle
1160,53,3.3,1,Fair,eSchooter
1161,24,5.0,1,Good,Bike
1162,45,4.6,3,Fair,Motorcycle
1163,37,4.6,2,Excellent,Motorcycle
1164,18,3.2,1,Poor,Scooter
1165,26,4.4,2,Excellent,Scooter
1166,19,3.5,0,Fair,Car
1167,21,3.4,1,Poor,Car
1168,34,4.7,2,Excellent,Motorcycle
1169,57,4.8,4,Excellent,Car
1170,46,3.7,1,Poor,Scooter
1171,43,3.6,1,Excellent,eSchooter
1172,26,4.5,0,Poor,eBike
1173,30,3.3,2,Poor,eSchooter
1174,56,3.0,1,Fair,Scooter
1175,21,4.8,3,Poor,eBike
1176,24,4.2,4,Fair,eSchooter
1177,47,4.3,4,Good,eSchooter
1178,47,3.1,0,Excellent,Scooter
1179,57,4.0,5,Poor,Car
1180,49,3.5,2,Good,Car
1181,58,4.6,5,Fair,Bike
1182,44,3.8,4,Fair,Car
1183,20,3.5,0,Excellent,Scooter
1184,51,4.5,0,Good,Bike
1185,29,4.8,1,Poor,Motorcycle
1186,42,3.2,4,Fair,eSchooter
1187,33,3.1,3,Fair,eSchooter
1188,21,3.4,2,Excellent,Bike
1189,52,4.2,0,Poor,eSchooter
1190,34,3.9,4,Fair,Bike
1191,46,4.6,2,Poor,Scooter
1192,19,4.3,4,Poor,Bike
1193,49,4.6,0,Good,Scooter
1194,22,4.9,3,Fair,Car
1195,56,4.0,1,Fair,Scooter
1196,36,4.4,0,Fair,eSchooter
1197,58,3.2,0,Good,Scooter
1198,23,4.6,2,Good,Scooter
1199,45,4.2,2,Excellent,eBike
1200,36,4.8,4,Fair,Motorcycle
1201,40,3.3,0,Poor,eBike
1202,32,3.9,1,Fair,Car
1203,50,3.4,4,Good,Bike
1204,25,4.3,3,Good,Motorcycle
1205,59,3.6,0,Poor,eSchooter
1206,19,3.6,2,Excellent,Scooter
1207,40,4.6,0,Fair,eBike
1208,37,4.3,3,Excellent,Motorcycle
1209,51,4.5,5,Good,eBike
1210,58,3.0,4,Good,eSchooter
1211,38,4.7,1,Excellent,eSchooter
1212,59,4.8,2,Fair,eBike
1213,33,4.1,1,Excellent,Bike
1214,21,3.0,4,Poor,eSchooter
1215,37,3.5,0,Poor,Motorcycle
1216,24,3.5,4,Poor,Motorcycle
1217,19,4.2,0,Good,Scooter
1218,46,3.2,4,Poor,eBike
1219,47,4.1,4,Good,Motorcycle
1220,26,4.5,0,Good,Motorcycle
1221,33,5.0,0,Poor,Scooter
1222,44,3.1,2,Poor,eBike
1223,52,3.6,4,Good,Scooter
1224,24,3.8,5,Fair,Car
1225,51,3.7,1,Poor,Car
1226,25,4.9,4,Good,Scooter
1227,38,3.9,0,Poor,eBike
1228,52,3.5,1,Poor,eBike
1229,30,3.0,2,Excellent,Car
1230,45,4.4,4,Excellent,Motorcycle
1231,40,4.4,2,Excellent,Bike
1232,39,3.6,3,Fair,eBike
1233,38,4.7,1,Poor,Scooter
1234,44,3.2,4,Good,Scooter
1235,19,4.9,5,Poor,Scooter
1236,58,3.5,1,Fair,Car
1237,30,3.9,2,Excellent,Bike
1238,20,4.4,0,Poor,eSchooter
1239,39,4.1,2,Fair,Motorcycle
1240,53,3.6,5,Poor,Car
1241,53,4.6,4,Good,eBike
1242,54,4.4,0,Good,eSchooter
1243,19,4.1,1,Fair,Car
1244,43,4.6,2,Excellent,Car
1245,42,4.7,1,Fair,eBike
1246,46,4.1,5,Poor,eSchooter
1247,39,3.8,3,Fair,Scooter
1248,23,3.1,1,Good,Car
1249,40,3.1,3,Poor,Bike
1250,38,4.8,3,Fair,Scooter
1251,41,4.2,2,Good,eBike
1252,53,3.8,0,Fair,Scooter
1253,51,3.3,1,Poor,Bike
1254,42,3.6,0,Excellent,Bike
1255,40,3.1,2,Fair,Car
1256,51,4.8,3,Fair,eSchooter
1257,30,4.2,0,Good,Bike
1258,60,4.5,0,Fair,eBike
1259,21,3.1,1,Excellent,Car
1260,49,4.7,3,Excellent,Car
1261,53,4.1,3,Good,eBike
1262,34,5.0,1,Good,Bike
1263,53,3.7,4,Poor,Bike
1264,24,4.9,5,Good,Motorcycle
1265,46,3.9,4,Good,eSchooter
1266,53,3.3,0,Good,Car
1267,20,4.8,1,Poor,Scooter
1268,19,3.0,1,Good,eBike
1269,57,4.2,1,Excellent,eBike
1270,18,3.9,0,Poor,Motorcycle
1271,53,3.3,1,Fair,Bike
1272,41,3.8,0,Fair,Scooter
1273,41,4.6,5,Excellent,Bike
1274,55,4.1,0,Excellent,Bike
1275,31,3.8,4,Fair,Bike
1276,60,4.0,0,Fair,Car
1277,55,3.8,5,Excellent,Car
1278,25,4.9,4,Good,Motorcycle
1279,49,3.1,4,Fair,Motorcycle
1280,33,4.0,5,Poor,eBike
1281,52,3.7,3,Good,Motorcycle
1282,45,3.0,0,Poor,Scooter
1283,44,4.8,0,Fair,eSchooter
1284,18,3.3,5,Good,Scooter
1285,56,4.6,2,Excellent,Scooter
1286,31,3.6,5,Fair,Bike
1287,38,3.2,0,Good,eSchooter
1288,29,3.8,2,Good,Bike
1289,41,5.0,3,Fair,Scooter
1290,19,4.8,5,Fair,Scooter
1291,25,5.0,1,Excellent,Scooter
1292,37,3.8,2,Poor,eBike
1293,51,4.0,5,Fair,Scooter
1294,37,3.2,2,Good,Car
1295,42,3.1,0,Poor,Scooter
1296,43,3.7,3,Fair,Car
1297,46,3.4,2,Good,eBike
1298,47,4.2,4,Excellent,Motorcycle
1299,34,3.2,3,Poor,eBike
1300,23,4.2,3,Excellent,Motorcycle
1301,60,4.7,4,Poor,eBike
1302,43,3.4,0,Fair,Car
1303,42,3.1,4,Excellent,eBike
1304,30,3.9,2,Poor,Car
1305,48,3.1,4,Excellent,Bike
1306,22,3.5,5,Fair,Bike
1307,60,3.3,1,Poor,Motorcycle
1308,59,4.8,2,Good,Car
1309,48,4.0,1,Poor,Bike
1310,57,4.7,4,Fair,Motorcycle
1311,55,4.9,1,Excellent,Motorcycle
1312,28,4.9,1,Fair,Motorcycle
1313,22,3.6,3,Fair,Car
1314,58,4.8,0,Poor,eSchooter
1315,55,4.1,4,Fair,Motorcycle
1316,19,3.5,4,Poor,eBike
1317,30,3.3,2,Good,eBike
1318,55,4.9,4,Excellent,Scooter
1319,56,4.0,4,Poor,Scooter
1320,48,3.9,3,Fair,eSchooter
1321,32,4.9,0,Fair,Motorcycle
1322,33,3.5,2,Excellent,Scooter
1323,41,3.2,4,Excellent,Bike
1324,40,4.2,1,Good,Scooter
1325,36,4.2,2,Fair,Car
1326,43,3.6,4,Poor,Motorcycle
1327,32,3.5,2,Good,Motorcycle
1328,57,3.2,2,Fair,Motorcycle
1329,54,4.8,3,Poor,Bike
1330,49,4.2,0,Excellent,Car
1331,33,3.6,5,Poor,eSchooter
1332,24,4.8,3,Excellent,Car
1333,18,4.9,0,Excellent,eSchooter
1334,30,4.2,3,Excellent,eSchooter
1335,50,4.5,5,Excellent,Scooter
1336,50,3.5,5,Good,eBike
1337,52,4.5,1,Fair,eSchooter
1338,31,4.8,2,Excellent,Motorcycle
1339,42,4.0,3,Fair,Scooter
1340,42,3.1,4,Poor,eSchooter
1341,52,4.3,0,Good,eSchooter
1342,57,4.3,2,Excellent,eBike
1343,52,3.4,5,Excellent,Car
1344,53,3.0,1,Excellent,Bike
1345,21,4.3,2,Excellent,eSchooter
1346,38,3.0,4,Fair,Motorcycle
1347,34,3.6,0,Poor,Scooter
1348,43,3.3,5,Poor,Car
1349,39,4.0,0,Good,eBike
1350,54,4.0,4,Fair,eBike
1351,43,3.9,5,Excellent,eSchooter
1352,53,3.4,3,Good,eSchooter
1353,50,4.8,5,Good,Bike
1354,60,4.1,3,Fair,Scooter
1355,33,4.2,1,Poor,eBike
1356,35,4.8,2,Fair,eBike
1357,55,3.7,0,Poor,eSchooter
1358,23,4.5,0,Good,Scooter
1359,46,3.5,3,Fair,Car
1360,40,4.1,3,Good,eSchooter
1361,52,4.2,5,Fair,Scooter
1362,40,4.1,3,Excellent,eSchooter
1363,42,4.5,2,Fair,Motorcycle
1364,49,4.2,3,Poor,eSchooter
1365,34,4.7,5,Fair,Bike
1366,26,3.7,2,Poor,Scooter
1367,58,3.8,4,Excellent,eBike
1368,46,4.9,4,Poor,Bike
1369,41,4.7,2,Good,Car
1370,33,4.1,5,Good,Scooter
1371,52,4.4,4,Fair,eSchooter
1372,54,4.0,4,Poor,eSchooter
1373,20,4.0,0,Excellent,Motorcycle
1374,47,3.8,0,Fair,eSchooter
1375,30,4.9,5,Fair,eSchooter
1376,31,3.4,5,Poor,eBike
1377,42,3.9,3,Poor,Bike
1378,36,4.9,0,Good,Car
1379,54,4.9,4,Good,Car
1380,23,4.8,5,Poor,eBike
1381,44,4.5,4,Excellent,Bike
1382,33,4.2,3,Excellent,eBike
1383,53,4.7,3,Excellent,Scooter
1384,27,3.9,5,Poor,eBike
1385,54,4.9,0,Fair,eBike
1386,26,4.0,2,Fair,Car
1387,51,3.9,3,Good,Car
1388,27,3.3,4,Excellent,eBike
1389,25,3.3,0,Poor,eSchooter
1390,33,4.4,0,Excellent,eBike
1391,27,5.0,2,Excellent,Bike
1392,32,4.8,3,Excellent,Motorcycle
1393,51,3.8,1,Fair,Bike
1394,46,3.6,2,Fair,Bike
1395,31,4.1,4,Fair,Motorcycle
1396,38,4.7,0,Poor,eBike
1397,26,3.1,4,Excellent,eBike
1398,48,4.6,3,Excellent,Motorcycle
1399,33,5.0,4,Fair,Motorcycle
1400,41,4.8,4,Good,eSchooter
1401,53,4.1,0,Poor,Motorcycle
1402,22,3.2,1,Poor,Car
1403,30,4.2,4,Fair,Bike
1404,33,3.9,4,Poor,Bike
1405,35,3.8,5,Fair,Bike
1406,43,4.0,1,Poor,eSchooter
1407,38,4.1,0,Poor,Car
1408,41,4.0,1,Good,Bike
1409,31,3.7,0,Poor,Bike
1410,46,3.5,3,Fair,eBike
1411,19,3.9,4,Fair,eSchooter
1412,59,4.0,0,Fair,Motorcycle
1413,18,3.9,2,Good,Motorcycle
1414,37,4.8,1,Excellent,eBike
1415,27,4.0,4,Poor,Bike
1416,54,4.6,0,Excellent,Bike
1417,19,3.9,4,Good,Car
1418,42,4.2,2,Excellent,Bike
1419,50,3.1,2,Poor,Bike
1420,26,3.1,3,Excellent,Car
1421,49,3.7,4,Fair,Car
1422,20,3.6,3,Poor,eBike
1423,46,3.1,3,Poor,eBike
1424,39,4.1,5,Good,eSchooter
1425,30,3.2,2,Poor,Motorcycle
1426,42,3.5,4,Poor,Scooter
1427,49,4.7,2,Fair,Scooter
1428,34,4.9,3,Good,Scooter
1429,40,4.7,4,Excellent,eSchooter
1430,58,4.5,4,Fair,Car
1431,60,4.6,0,Poor,eSchooter
1432,48,4.4,2,Excellent,Motorcycle
1433,29,3.4,1,Poor,eBike
1434,49,4.4,4,Excellent,eBike
1435,25,3.8,0,Fair,eSchooter
1436,18,3.4,4,Good,Scooter
1437,37,4.7,3,Excellent,eSchooter
1438,47,4.5,1,Fair,Bike
1439,25,3.1,4,Fair,Motorcycle
1440,45,4.6,1,Fair,Car
1441,56,4.0,1,Fair,Motorcycle
1442,54,3.6,0,Good,Motorcycle
1443,39,3.3,3,Poor,Bike
1444,35,5.0,4,Poor,Car
1445,24,4.6,1,Fair,Bike
1446,41,3.3,3,Good,eSchooter
1447,33,3.5,5,Good,eBike
1448,34,4.1,3,Excellent,eSchooter
1449,24,4.6,0,Poor,Scooter
1450,44,5.0,0,Poor,eSchooter
1451,30,4.3,2,Excellent,Bike
1452,51,4.1,4,Good,eBike
1453,28,3.7,3,Excellent,Scooter
1454,35,3.6,0,Good,Scooter
1455,34,4.3,3,Good,Scooter
1456,44,4.7,1,Fair,Bike
1457,48,4.7,2,Good,eSchooter
1458,20,3.7,2,Good,Car
1459,46,4.2,4,Good,Motorcycle
1460,34,3.7,4,Good,Motorcycle
1461,58,3.1,1,Excellent,Motorcycle
1462,41,4.2,2,Fair,Car
1463,19,4.5,5,Excellent,eSchooter
1464,42,3.8,2,Poor,Motorcycle
1465,20,4.1,4,Good,Bike
1466,49,3.7,1,Good,Bike
1467,27,3.8,2,Excellent,Car
1468,60,4.5,4,Good,Motorcycle
1469,22,3.6,2,Good,Motorcycle
1470,24,5.0,0,Good,Motorcycle
1471,57,4.7,5,Poor,Car
1472,30,4.9,3,Fair,Motorcycle
1473,29,4.7,3,Excellent,eSchooter
1474,57,4.1,3,Fair,Bike
1475,35,3.2,5,Good,eSchooter
1476,24,4.0,2,Good,Scooter
1477,44,3.7,3,Excellent,Scooter
1478,47,4.9,1,Good,eSchooter
1479,30,4.0,1,Fair,Scooter
1480,31,3.9,2,Fair,eSchooter
1481,42,3.2,2,Poor,Scooter
1482,26,4.5,3,Poor,Motorcycle
1483,21,4.0,1,Good,Car
1484,39,4.5,3,Fair,eSchooter
1485,30,4.0,5,Poor,eSchooter
1486,39,4.9,4,Poor,Scooter
1487,25,4.0,0,Good,eSchooter
1488,37,4.5,4,Excellent,Scooter
1489,28,4.3,3,Good,eBike
1490,21,3.2,0,Good,Bike
1491,46,3.3,4,Fair,Motorcycle
1492,59,3.1,1,Poor,Scooter
1493,41,3.0,1,Poor,eSchooter
1494,39,4.5,1,Poor,eBike
1495,42,3.4,1,Good,Car
1496,34,3.2,2,Good,Car
1497,24,4.6,0,Excellent,eBike
1498,20,4.9,4,Poor,Scooter
1499,51,3.8,1,Good,eSchooter
1500,44,4.2,2,Good,Motorcycle
1501,56,4.6,5,Excellent,eBike
1502,59,4.5,4,Excellent,Scooter
1503,26,3.4,2,Poor,Scooter
1504,36,4.1,0,Good,Scooter
1505,57,4.8,5,Good,Scooter
1506,40,3.1,5,Good,Car
1507,23,3.1,3,Excellent,Car
1508,31,4.4,2,Good,Motorcycle
1509,49,5.0,2,Poor,Scooter
1510,41,4.8,4,Good,Bike
1511,26,4.2,2,Poor,Bike
1512,24,4.7,2,Good,Bike
1513,53,3.6,0,Poor,Scooter
1514,33,4.6,3,Good,Bike
1515,36,4.6,4,Fair,Bike
1516,45,4.3,2,Excellent,Car
1517,28,4.1,5,Excellent,eSchooter
1518,57,3.6,3,Excellent,Motorcycle
1519,41,3.2,3,Excellent,eSchooter
1520,35,3.1,1,Fair,eBike
1521,34,3.8,0,Good,Motorcycle
1522,24,4.7,1,Excellent,Bike
1523,56,5.0,4,Poor,eSchooter
1524,39,3.1,4,Excellent,Motorcycle
1525,20,3.9,2,Poor,Bike
1526,51,4.8,2,Excellent,Scooter
1527,45,3.2,5,Poor,Motorcycle
1528,44,4.5,1,Fair,Scooter
1529,46,3.7,2,Fair,Car
1530,47,4.0,5,Poor,Bike
1531,48,3.2,0,Excellent,Scooter
1532,36,4.4,0,Good,Bike
1533,37,4.8,1,Fair,Bike
1534,39,3.9,0,Fair,Bike
1535,18,4.8,5,Excellent,Car
1536,45,3.1,5,Poor,eSchooter
1537,34,4.5,1,Fair,eSchooter
1538,23,3.8,5,Poor,Motorcycle
1539,30,3.1,1,Poor,Scooter
1540,23,4.1,0,Good,eBike
1541,27,3.7,2,Excellent,Bike
1542,39,4.9,1,Poor,eBike
1543,22,4.2,5,Good,eBike
1544,28,4.9,5,Poor,Scooter
1545,56,4.4,3,Fair,Bike
1546,34,3.5,4,Poor,eSchooter
1547,56,4.2,1,Fair,eSchooter
1548,32,4.6,4,Good,Bike
1549,40,4.0,5,Excellent,Car
1550,24,4.0,2,Fair,eSchooter
1551,50,4.1,5,Poor,Bike
1552,35,4.9,0,Excellent,Scooter
1553,35,4.5,1,Excellent,Bike
1554,23,4.2,2,Excellent,Motorcycle
1555,42,3.5,0,Fair,Car
1556,56,3.7,3,Excellent,Bike
1557,30,3.9,0,Fair,Car
1558,31,3.3,5,Good,Bike
1559,37,3.4,5,Fair,Motorcycle
1560,33,3.0,1,Good,Car
1561,53,4.0,2,Good,eBike
1562,27,3.1,5,Fair,Scooter
1563,25,4.7,4,Fair,Scooter
1564,60,4.4,2,Excellent,eBike
1565,18,3.5,0,Excellent,Scooter
1566,34,3.3,4,Poor,eBike
1567,58,3.7,0,Fair,eBike
1568,48,4.8,5,Fair,Bike
1569,24,3.9,3,Poor,eSchooter
1570,36,4.0,3,Good,eSchooter
1571,50,3.8,1,Fair,eBike
1572,19,3.0,1,Fair,Bike
1573,26,4.1,4,Fair,Bike
1574,45,4.1,3,Poor,Motorcycle
1575,35,3.2,3,Poor,eBike
1576,19,4.5,1,Excellent,Scooter
1577,60,3.4,0,Excellent,eSchooter
1578,51,3.5,3,Poor,Motorcycle
1579,51,4.3,3,Good,eSchooter
1580,42,4.0,0,Fair,eBike
1581,26,4.3,0,Fair,Car
1582,33,4.5,3,Excellent,Bike
1583,27,3.9,1,Poor,Bike
1584,19,4.9,1,Poor,eSchooter
1585,23,4.3,5,Fair,Car
1586,58,5.0,0,Good,Car
1587,56,4.3,0,Poor,eBike
1588,36,4.5,0,Good,eBike
1589,42,4.8,5,Good,Scooter
1590,52,3.0,1,Fair,Scooter
1591,27,3.9,0,Poor,Bike
1592,54,4.0,5,Fair,Motorcycle
1593,50,4.1,1,Excellent,eSchooter
1594,37,4.8,0,Excellent,Motorcycle
1595,29,4.5,1,Poor,Car
1596,49,4.7,0,Excellent,eSchooter
1597,48,3.0,0,Excellent,Motorcycle
1598,20,4.6,0,Fair,Scooter
1599,59,4.9,0,Poor,Bike
1600,47,4.2,1,Excellent,Car
1601,51,3.2,2,Fair,Scooter
1602,51,3.4,4,Excellent,eBike
1603,58,4.3,1,Good,eBike
1604,20,3.8,1,Good,Bike
1605,55,4.7,1,Fair,Motorcycle
1606,29,3.3,4,Poor,eSchooter
1607,29,3.3,3,Fair,eBike
1608,36,4.5,3,Poor,Scooter
1609,24,4.1,1,Excellent,Car
1610,28,3.1,5,Good,Motorcycle
1611,31,3.4,0,Good,Bike
1612,41,3.5,0,Good,Scooter
1613,35,3.5,1,Poor,Bike
1614,45,3.2,2,Good,eSchooter
1615,30,3.3,3,Good,eBike
1616,24,4.1,2,Poor,Scooter
1617,55,4.9,4,Fair,Bike
1618,56,4.9,5,Poor,eSchooter
1619,45,3.7,2,Poor,eBike
1620,28,3.6,5,Poor,Car
1621,43,3.8,1,Excellent,eBike
1622,28,3.1,4,Fair,Motorcycle
1623,31,3.6,1,Poor,Car
1624,23,3.5,1,Fair,eBike
1625,58,4.5,1,Excellent,Bike
1626,45,3.3,3,Good,Scooter
1627,26,4.1,4,Fair,eSchooter
1628,24,3.6,5,Good,Motorcycle
1629,29,3.4,4,Poor,Car
1630,31,3.1,5,Poor,eBike
1631,49,4.6,1,Excellent,eBike
1632,29,4.3,1,Poor,eBike
1633,25,4.3,1,Excellent,Car
1634,53,3.5,5,Fair,Car
1635,55,3.7,1,Excellent,Car
1636,22,4.3,3,Excellent,eBike
1637,40,4.3,4,Good,eBike
1638,46,4.5,2,Good,Scooter
1639,57,4.7,2,Fair,eSchooter
1640,29,3.8,4,Good,Car
1641,23,4.7,0,Poor,Car
1642,44,3.7,5,Fair,eBike
1643,24,4.3,2,Poor,Scooter
1644,54,3.3,5,Excellent,Bike
1645,41,3.5,3,Fair,Bike
1646,32,3.7,5,Good,Scooter
1647,42,4.3,5,Poor,Scooter
1648,24,3.4,2,Excellent,Motorcycle
1649,29,3.2,4,Fair,eSchooter
1650,23,4.0,3,Poor,Scooter
1651,47,3.1,5,Fair,eBike
1652,20,3.1,2,Poor,eSchooter
1653,20,4.2,4,Poor,eSchooter
1654,52,4.4,3,Poor,eSchooter
1655,56,3.1,5,Good,eSchooter
1656,31,4.2,2,Good,Motorcycle
1657,54,4.5,3,Fair,Motorcycle
1658,54,4.8,3,Good,Scooter
1659,52,4.6,2,Good,eBike
1660,21,3.2,3,Poor,Scooter
1661,32,4.3,1,Fair,eBike
1662,24,4.5,3,Excellent,Bike
1663,30,4.0,1,Excellent,Car
1664,25,3.9,5,Fair,Car
1665,53,3.1,4,Excellent,Car
1666,27,4.7,5,Good,eBike
1667,42,3.1,4,Poor,eSchooter
1668,38,3.8,4,Excellent,Motorcycle
1669,29,3.4,0,Fair,Scooter
1670,28,4.6,5,Good,Scooter
1671,59,3.7,0,Fair,eSchooter
1672,50,4.9,0,Fair,Scooter
1673,51,3.9,2,Good,Car
1674,42,4.7,2,Excellent,Scooter
1675,34,4.0,1,Poor,eBike
1676,46,4.2,0,Good,Bike
1677,42,3.2,0,Excellent,Bike
1678,18,3.8,1,Excellent,Scooter
1679,57,4.1,0,Fair,eBike
1680,58,3.3,0,Good,eBike
1681,59,3.9,3,Fair,Scooter
1682,30,4.9,0,Good,Scooter
1683,40,3.8,3,Good,eBike
1684,57,4.8,2,Fair,eBike
1685,49,3.9,4,Excellent,Car
1686,33,3.1,2,Excellent,Scooter
1687,50,3.7,3,Good,eBike
1688,60,3.3,0,Poor,eSchooter
1689,36,3.7,5,Fair,Motorcycle
1690,45,3.8,4,Good,eBike
1691,53,4.5,3,Fair,eSchooter
1692,55,4.8,3,Excellent,Car
1693,25,4.9,3,Poor,Motorcycle
1694,54,3.7,5,Good,Bike
1695,54,3.3,3,Poor,eSchooter
1696,30,4.3,2,Fair,eSchooter
1697,56,4.4,5,Excellent,eBike
1698,45,4.4,5,Good,eSchooter
1699,49,3.8,0,Fair,Scooter
1700,23,4.4,5,Excellent,eBike
1701,39,3.3,4,Poor,Bike
1702,18,3.1,1,Fair,Car
1703,20,4.0,4,Fair,Motorcycle
1704,22,3.4,4,Excellent,Bike
1705,30,4.2,2,Excellent,Motorcycle
1706,55,4.2,5,Poor,eSchooter
1707,47,3.9,5,Good,Motorcycle
1708,23,3.9,2,Good,Motorcycle
1709,36,4.1,0,Good,eBike
1710,50,4.8,1,Excellent,Bike
1711,56,3.7,3,Poor,eBike
1712,50,4.9,0,Poor,Motorcycle
1713,59,4.8,5,Poor,eBike
1714,54,3.8,3,Poor,eSchooter
1715,18,4.8,2,Good,Bike
1716,21,4.1,1,Excellent,Bike
1717,34,3.6,2,Excellent,Bike
1718,39,3.6,2,Fair,eBike
1719,38,3.3,1,Good,Motorcycle
1720,55,3.3,5,Excellent,eBike
1721,41,4.2,1,Fair,Car
1722,50,4.9,3,Fair,Motorcycle
1723,53,4.3,1,Fair,Scooter
1724,36,4.3,0,Fair,Bike
1725,55,3.5,4,Good,Car
1726,28,3.5,4,Excellent,Car
1727,52,3.6,5,Good,Car
1728,27,3.4,3,Good,eSchooter
1729,20,3.5,3,Good,Bike
1730,38,4.5,1,Good,Motorcycle
1731,33,4.1,2,Poor,eSchooter
1732,49,4.4,5,Poor,Bike
1733,23,4.5,0,Fair,Car
1734,48,3.9,1,Excellent,Scooter
1735,18,3.1,2,Fair,Motorcycle
1736,28,3.8,5,Good,eSchooter
1737,55,4.5,5,Poor,eSchooter
1738,28,4.0,2,Good,Motorcycle
1739,40,4.2,5,Poor,Motorcycle
1740,54,3.9,4,Fair,eBike
1741,29,4.6,1,Good,Scooter
1742,26,4.5,1,Fair,eSchooter
1743,57,3.0,3,Poor,Scooter
1744,56,3.0,3,Poor,eBike
1745,50,3.3,3,Poor,Bike
1746,40,3.1,0,Good,eSchooter
1747,39,3.6,0,Good,Motorcycle
1748,26,3.9,5,Excellent,Car
1749,29,4.2,5,Excellent,Bike
1750,33,3.8,3,Excellent,Scooter
1751,36,3.9,3,Excellent,Car
1752,22,3.3,4,Poor,Motorcycle
1753,18,3.6,5,Poor,Motorcycle
1754,34,3.3,1,Poor,eBike
1755,44,3.3,4,Fair,Motorcycle
1756,20,3.3,1,Fair,eBike
1757,38,4.0,1,Excellent,eBike
1758,35,4.6,0,Good,Car
1759,22,3.7,0,Excellent,eBike
1760,21,3.1,3,Good,Scooter
1761,35,4.1,4,Good,eBike
1762,60,3.8,4,Poor,Motorcycle
1763,29,3.3,2,Poor,Bike
1764,34,3.8,4,Poor,Bike
1765,31,4.9,0,Poor,Motorcycle
1766,38,4.3,0,Good,eSchooter
1767,48,4.7,1,Excellent,Motorcycle
1768,55,4.7,0,Good,Bike
1769,43,3.8,1,Poor,eSchooter
1770,39,3.1,1,Poor,eBike
1771,47,3.4,5,Fair,Motorcycle
1772,57,4.1,5,Excellent,Scooter
1773,46,4.9,0,Poor,Bike
1774,56,3.8,2,Excellent,Car
1775,49,3.9,0,Good,Bike
1776,58,4.9,5,Poor,Motorcycle
1777,20,4.1,0,Poor,Motorcycle
1778,47,4.3,2,Excellent,Motorcycle
1779,30,3.3,5,Excellent,Motorcycle
1780,33,3.2,4,Fair,Scooter
1781,42,5.0,2,Good,eSchooter
1782,32,3.6,5,Fair,Scooter
1783,30,4.3,0,Poor,Scooter
1784,37,4.7,4,Poor,Scooter
1785,50,4.9,1,Fair,eSchooter
1786,49,4.6,5,Excellent,Motorcycle
1787,50,4.1,2,Poor,eSchooter
1788,48,4.9,5,Excellent,Scooter
1789,35,3.4,1,Excellent,eBike
1790,19,4.9,0,Poor,Car
1791,37,3.2,4,Excellent,eSchooter
1792,36,4.2,3,Poor,Car
1793,60,3.8,5,Fair,Scooter
1794,22,4.8,3,Excellent,Scooter
1795,34,3.3,4,Excellent,Motorcycle
1796,49,3.8,1,Poor,Motorcycle
1797,54,3.2,3,Excellent,Car
1798,54,3.9,3,Poor,Bike
1799,34,3.2,3,Excellent,Bike
1800,56,4.8,3,Excellent,Motorcycle
1801,36,4.3,0,Poor,eBike
1802,44,4.2,2,Excellent,Scooter
1803,28,4.0,0,Fair,eSchooter
1804,53,3.5,5,Fair,Bike
1805,37,3.7,5,Fair,eBike
1806,53,3.5,4,Good,Bike
1807,46,3.7,3,Fair,Bike
1808,41,4.6,2,Fair,eBike
1809,39,3.6,1,Good,Motorcycle
1810,49,3.9,1,Fair,Car
1811,55,3.6,4,Poor,Scooter
1812,26,4.1,2,Excellent,Bike
1813,30,3.4,5,Poor,Motorcycle
1814,36,3.7,2,Poor,eSchooter
1815,46,3.4,2,Fair,Motorcycle
1816,18,3.7,0,Poor,Bike
1817,53,3.6,2,Poor,Scooter
1818,60,3.8,4,Excellent,Motorcycle
1819,18,4.9,0,Poor,eSchooter
1820,43,4.7,4,Good,Car
1821,34,4.7,4,Excellent,Bike
1822,50,3.6,2,Good,eSchooter
1823,58,3.6,3,Good,Car
1824,39,4.8,4,Excellent,eBike
1825,53,3.1,5,Fair,Car
1826,27,3.8,4,Poor,eSchooter
1827,43,4.8,5,Poor,Car
1828,37,4.0,4,Fair,Bike
1829,55,4.3,3,Excellent,Bike
1830,49,3.2,4,Fair,eSchooter
1831,45,4.3,1,Excellent,eBike
1832,21,3.8,2,Good,Car
1833,57,4.5,3,Fair,eSchooter
1834,55,4.4,1,Fair,Motorcycle
1835,21,4.3,3,Excellent,Bike
1836,57,4.8,5,Excellent,Car
1837,28,4.6,3,Excellent,Motorcycle
1838,40,3.8,1,Good,Bike
1839,18,3.5,5,Good,Bike
1840,57,3.0,5,Poor,eBike
1841,57,5.0,3,Poor,eBike
1842,18,4.0,1,Poor,eSchooter
1843,24,3.7,2,Fair,Bike
1844,22,4.0,0,Poor,Scooter
1845,40,3.9,4,Good,Motorcycle
1846,52,3.9,4,Poor,Motorcycle
1847,43,4.3,1,Good,Car
1848,49,3.3,0,Good,Scooter
1849,50,4.0,3,Poor,eSchooter
1850,36,3.1,5,Excellent,Bike
1851,36,3.9,3,Fair,Car
1852,35,3.3,0,Excellent,Car
1853,22,4.3,5,Excellent,Car
1854,23,4.2,3,Excellent,Car
1855,31,4.1,3,Excellent,eBike
1856,59,3.6,4,Poor,Scooter
1857,26,4.4,0,Poor,eBike
1858,47,4.2,3,Poor,Scooter
1859,30,4.0,5,Poor,Car
1860,49,3.4,4,Poor,eSchooter
1861,32,4.1,5,Good,Bike
1862,22,4.4,4,Fair,eSchooter
1863,46,3.9,4,Excellent,Bike
1864,30,3.6,1,Excellent,eSchooter
1865,23,4.9,4,Poor,Scooter
1866,27,4.6,3,Good,Motorcycle
1867,32,4.2,3,Poor,Scooter
1868,19,3.5,2,Poor,Motorcycle
1869,29,3.5,4,Good,eBike
1870,54,4.5,4,Good,eBike
1871,37,4.8,5,Poor,Motorcycle
1872,22,3.3,0,Fair,Car
1873,35,4.4,0,Good,Car
1874,45,4.1,1,Poor,eSchooter
1875,49,3.6,4,Good,eSchooter
1876,21,4.3,5,Poor,Car
1877,51,4.9,1,Poor,eSchooter
1878,43,3.2,2,Poor,eBike
1879,46,3.5,5,Poor,eBike
1880,21,4.0,5,Fair,Bike
1881,20,4.0,5,Good,Motorcycle
1882,20,3.6,4,Excellent,Scooter
1883,35,4.7,5,Excellent,Car
1884,24,4.0,1,Good,Motorcycle
1885,51,3.2,1,Excellent,Car
1886,35,4.3,0,Fair,Car
1887,29,4.3,1,Good,eSchooter
1888,28,3.6,5,Fair,eSchooter
1889,52,4.7,0,Excellent,Motorcycle
1890,50,5.0,1,Excellent,Motorcycle
1891,45,3.4,1,Poor,Car
1892,18,4.0,2,Poor,Scooter
1893,52,4.2,1,Poor,Car
1894,20,4.3,4,Poor,eBike
1895,55,4.5,1,Excellent,eBike
1896,59,3.6,4,Poor,Scooter
1897,31,3.6,1,Poor,Car
1898,51,3.4,0,Good,eSchooter
1899,20,4.4,0,Excellent,eBike
1900,21,4.9,0,Excellent,Motorcycle
1901,27,3.2,4,Excellent,eBike
1902,42,3.8,5,Excellent,eBike
1903,60,3.8,3,Excellent,Scooter
1904,46,3.7,5,Fair,eBike
1905,53,3.4,3,Fair,Scooter
1906,38,4.4,2,Good,Car
1907,52,4.5,1,Poor,Bike
1908,25,3.6,5,Excellent,Scooter
1909,40,4.1,2,Good,Motorcycle
1910,42,3.1,0,Excellent,Scooter
1911,19,4.4,3,Excellent,Bike
1912,58,4.8,4,Excellent,Motorcycle
1913,27,3.2,0,Good,eSchooter
1914,55,4.9,0,Excellent,Car
1915,34,4.8,1,Fair,Motorcycle
1916,45,4.1,2,Fair,eBike
1917,26,4.7,1,Poor,Bike
1918,18,3.9,5,Excellent,eBike
1919,41,4.7,3,Good,Motorcycle
1920,47,3.2,1,Good,Car
1921,59,4.3,3,Poor,Scooter
1922,41,4.2,5,Good,Car
1923,32,3.2,0,Poor,eSchooter
1924,31,4.2,5,Fair,Car
1925,48,3.9,2,Fair,eBike
1926,50,3.9,1,Excellent,Car
1927,27,4.5,1,Good,Bike
1928,21,3.7,1,Good,Motorcycle
1929,32,3.6,4,Excellent,Motorcycle
1930,35,3.0,4,Good,Motorcycle
1931,38,4.0,0,Excellent,eBike
1932,48,3.0,0,Good,Motorcycle
1933,54,4.4,3,Good,Scooter
1934,38,4.5,4,Excellent,Scooter
1935,55,3.3,5,Good,Bike
1936,39,4.9,4,Poor,eBike
1937,30,4.5,1,Fair,eSchooter
1938,28,3.3,3,Good,Bike
1939,20,3.7,4,Good,Motorcycle
1940,57,3.8,4,Poor,Motorcycle
1941,24,3.5,3,Good,eBike
1942,60,3.9,0,Poor,eBike
1943,48,3.3,4,Fair,eSchooter
1944,47,3.8,1,Poor,Car
1945,25,3.1,0,Poor,eSchooter
1946,57,4.1,0,Poor,Scooter
1947,35,4.9,2,Good,Scooter
1948,40,4.1,1,Good,Scooter
1949,50,3.1,0,Good,Car
1950,35,3.0,5,Fair,Motorcycle
1951,35,3.3,2,Poor,Car
1952,28,4.2,1,Excellent,Motorcycle
1953,25,3.3,0,Good,Car
1954,43,3.7,5,Good,Scooter
1955,39,3.7,5,Poor,Scooter
1956,38,4.3,5,Good,Car
1957,55,4.5,0,Excellent,Bike
1958,46,4.6,0,Fair,Motorcycle
1959,36,4.9,1,Excellent,Bike
1960,38,3.9,2,Poor,eSchooter
1961,26,3.1,4,Excellent,Bike
1962,49,3.1,5,Good,Motorcycle
1963,37,4.8,4,Good,eSchooter
1964,45,4.4,5,Excellent,Car
1965,56,4.2,5,Good,Car
1966,51,3.7,2,Good,eSchooter
1967,26,4.7,3,Good,Bike
1968,38,4.9,0,Poor,eSchooter
1969,29,3.8,0,Excellent,Motorcycle
1970,30,3.9,4,Poor,eBike
1971,54,4.3,1,Good,eBike
1972,19,3.5,2,Poor,eBike
1973,24,4.9,3,Poor,Car
1974,26,3.9,1,Poor,eBike
1975,35,3.3,2,Good,Bike
1976,54,4.9,4,Poor,Motorcycle
1977,34,3.9,2,Excellent,Motorcycle
1978,27,4.8,1,Excellent,Scooter
1979,42,3.2,1,Fair,Motorcycle
1980,29,3.2,2,Excellent,Bike
1981,45,3.2,4,Excellent,eSchooter
1982,22,4.8,2,Excellent,Bike
1983,30,4.6,0,Good,eBike
1984,26,4.1,3,Excellent,Car
1985,34,3.5,2,Poor,Bike
1986,42,4.8,1,Good,eBike
1987,28,4.4,4,Poor,Car
1988,51,3.4,5,Poor,Motorcycle
1989,48,3.5,3,Poor,Bike
1990,23,3.5,5,Excellent,Scooter
1991,59,3.2,5,Fair,Car
1992,27,3.4,1,Fair,Motorcycle
1993,58,3.8,5,Excellent,Scooter
1994,54,4.2,4,Poor,eBike
1995,55,4.7,2,Fair,Bike
1996,32,3.3,1,Poor,Scooter
1997,44,3.6,3,Poor,eSchooter
1998,20,3.3,2,Good,Car
1999,58,3.2,3,Fair,Bike
2000,35,4.5,2,Excellent,eBike
